,id,link,picture
0,1033512030145589,https://www.facebook.com/photo.php?fbid=1033512030145589&set=p.1033512030145589&type=3,https://scontent.xx.fbcdn.net/v/t1.0-0/q85/s130x130/45545826_1033512036812255_1719629223699677184_n.jpg?_nc_cat=100&_nc_ht=scontent.xx&oh=f2164b1f4570c4eac04195e8b862235d&oe=5CE9E142
1,487589248317528,https://www.facebook.com/photo.php?fbid=487589248317528&set=p.487589248317528&type=3,https://scontent.xx.fbcdn.net/v/t1.0-0/q85/s130x130/44553584_487589254984194_8568603782953304064_n.jpg?_nc_cat=104&_nc_ht=scontent.xx&oh=956fb1ecd43b957d71c083b671455a99&oe=5CE6CC9C
2,2190454461233989,https://www.facebook.com/photo.php?fbid=2190454461233989&set=a.1621257374820370&type=3,https://scontent.xx.fbcdn.net/v/t1.0-0/s130x130/44575440_2190454464567322_7132807627628609536_n.jpg?_nc_cat=103&_nc_ht=scontent.xx&oh=1206ba5cdede1e642de23756fc7fe271&oe=5CF61E5A
3,1995812897364814,https://www.facebook.com/photo.php?fbid=1995812897364814&set=a.1542842679328507&type=3,https://scontent.xx.fbcdn.net/v/t1.0-0/q87/s130x130/26196448_1995812897364814_9064881436727142893_n.jpg?_nc_cat=110&_nc_ht=scontent.xx&oh=56b02570eb25a4e3a7556b56bf661578&oe=5CEE9419
4,1814216558857783,https://www.facebook.com/photo.php?fbid=1814216558857783&set=a.1464269153852527&type=3,https://scontent.xx.fbcdn.net/v/t1.0-0/p130x130/15578620_1814216558857783_2618037752022947845_n.jpg?_nc_cat=109&_nc_ht=scontent.xx&oh=a266c86a5979e7fbb24ccf28b1912405&oe=5D00B220
5,1736009040011869,https://www.facebook.com/photo.php?fbid=1736009040011869&set=a.1621257374820370&type=3,https://scontent.xx.fbcdn.net/v/t1.0-0/p130x130/13614947_1736009040011869_1804697922734938430_n.jpg?_nc_cat=107&_nc_ht=scontent.xx&oh=03a20e7c3538025d80b37ba69d7b6e2b&oe=5CEC545B
6,1727022310910542,https://www.facebook.com/photo.php?fbid=1727022310910542&set=a.1542842679328507&type=3,https://scontent.xx.fbcdn.net/v/t1.0-0/s130x130/13413163_1727022310910542_204567605132074705_n.jpg?_nc_cat=109&_nc_ht=scontent.xx&oh=2c338a87a420725d3c1fc3449647496f&oe=5CE4578D
7,1627431260869648,https://www.facebook.com/photo.php?fbid=1627431260869648&set=p.1627431260869648&type=3,https://scontent.xx.fbcdn.net/v/t1.0-0/p130x130/12004760_1627431260869648_1092421759348202592_n.jpg?_nc_cat=106&_nc_ht=scontent.xx&oh=6475ba72f1dbe0bba48bdc17cf20bf60&oe=5CF02914
8,1605363746409733,https://www.facebook.com/photo.php?fbid=1605363746409733&set=a.1464269153852527&type=3,https://scontent.xx.fbcdn.net/v/t1.0-0/p130x130/11540832_1605363746409733_7001120199500149155_n.jpg?_nc_cat=101&_nc_ht=scontent.xx&oh=54d2875d0fcedfe63338a4cd57e20005&oe=5CB7F627
9,1482546058736465,https://www.facebook.com/photo.php?fbid=1482546058736465&set=p.1482546058736465&type=3,https://scontent.xx.fbcdn.net/v/t1.0-0/p130x130/11987082_1482546058736465_795883184691919851_n.jpg?_nc_cat=108&_nc_ht=scontent.xx&oh=e48d024c7f47a5fa35fb64a3b0c38c60&oe=5CE1927A
