,id,picture
0,100284004444560,https://scontent.xx.fbcdn.net/v/t1.0-0/s130x130/51378932_100284007777893_214407739533688832_n.jpg?_nc_cat=101&_nc_ht=scontent.xx&oh=7a543df756b9981b385cb029c591afbc&oe=5CE2FC8B
1,100284194444541,https://scontent.xx.fbcdn.net/v/t1.0-0/s130x130/51844965_100284197777874_6233237473489584128_n.jpg?_nc_cat=104&_nc_ht=scontent.xx&oh=d01a5eb0e709606e8c634ed46df8682d&oe=5CEF00D2
2,100284187777875,https://scontent.xx.fbcdn.net/v/t1.0-0/p130x130/51308580_100284191111208_1094243476725301248_n.jpg?_nc_cat=102&_nc_ht=scontent.xx&oh=5ed3f460af921279025006b6c72b9ad8&oe=5CF44B99
3,100283974444563,https://scontent.xx.fbcdn.net/v/t1.0-0/p130x130/51487248_100283977777896_2487368715352408064_n.jpg?_nc_cat=107&_nc_ht=scontent.xx&oh=7e87d350a7f999f08cf002be874184e6&oe=5CF35896
4,100284347777859,https://scontent.xx.fbcdn.net/v/t1.0-0/s130x130/51626523_100284351111192_9189735326166286336_n.jpg?_nc_cat=111&_nc_ht=scontent.xx&oh=05bc599cd04c3fbdbdd03e4fb91cb871&oe=5CE73296
5,100284514444509,https://scontent.xx.fbcdn.net/v/t1.0-0/s130x130/51433388_100284517777842_5770022854024232960_n.jpg?_nc_cat=111&_nc_ht=scontent.xx&oh=25ddee8ff355a897d48e0bcdaf708fde&oe=5CE78C12
6,100284224444538,https://scontent.xx.fbcdn.net/v/t1.0-0/s130x130/51737873_100284227777871_2506517758322147328_n.jpg?_nc_cat=107&_nc_ht=scontent.xx&oh=dffe58f1695918a6310e097f71e99f23&oe=5CE159C9
7,100283994444561,https://scontent.xx.fbcdn.net/v/t1.0-0/s130x130/51623623_100284001111227_2414466155218468864_n.jpg?_nc_cat=107&_nc_ht=scontent.xx&oh=392e3a3962d0ad71e8ffbf54e0db8388&oe=5CF652C0
8,100284024444558,https://scontent.xx.fbcdn.net/v/t1.0-0/s130x130/51548884_100284027777891_2902558402083291136_n.jpg?_nc_cat=103&_nc_ht=scontent.xx&oh=494d2d0026562298a3975ad764c74bd8&oe=5CFF7027
9,100284457777848,https://scontent.xx.fbcdn.net/v/t1.0-0/s130x130/51304237_100284464444514_135711788208488448_n.jpg?_nc_cat=110&_nc_ht=scontent.xx&oh=c9747d3f8b560956a3089ecd1e1db397&oe=5CEAD6E0
10,100284037777890,https://scontent.xx.fbcdn.net/v/t1.0-0/s130x130/51268301_100284041111223_7587635369965780992_n.jpg?_nc_cat=102&_nc_ht=scontent.xx&oh=3bbcb2dd6fa88eebf0400bb4664cf93b&oe=5CF28F29
11,100284217777872,https://scontent.xx.fbcdn.net/v/t1.0-0/p130x130/50898544_100284221111205_3549662089276555264_n.jpg?_nc_cat=110&_nc_ht=scontent.xx&oh=ddf8ec7b339a9b217ef5ecd4450801d9&oe=5CF0CC33
12,100284234444537,https://scontent.xx.fbcdn.net/v/t1.0-0/s130x130/51740365_100284237777870_8393264998679314432_n.jpg?_nc_cat=111&_nc_ht=scontent.xx&oh=4a52e4f5b91e07e3e801b8efd280734a&oe=5CEF76C7
13,100284044444556,https://scontent.xx.fbcdn.net/v/t1.0-0/p130x130/51341445_100284047777889_710906560246710272_n.jpg?_nc_cat=109&_nc_ht=scontent.xx&oh=04b0dcc89c72d12aaa47c67f22929375&oe=5CE6453C
14,100284067777887,https://scontent.xx.fbcdn.net/v/t1.0-9/51412587_100284071111220_7457069476563910656_n.jpg?_nc_cat=104&_nc_ht=scontent.xx&oh=69829894464dd0135f058b428dfe76fa&oe=5CB5B449
15,100284074444553,https://scontent.xx.fbcdn.net/v/t1.0-0/s130x130/51325160_100284077777886_1491781749812756480_n.jpg?_nc_cat=100&_nc_ht=scontent.xx&oh=690d7160ece7efc4463cadb91f9e4697&oe=5CFDE0AF
16,100284094444551,https://scontent.xx.fbcdn.net/v/t1.0-0/s130x130/51957964_100284101111217_4546292152048549888_n.jpg?_nc_cat=101&_nc_ht=scontent.xx&oh=22d7fbb123b150d408bd60d37ca7eb92&oe=5CF7C418
17,100284417777852,https://scontent.xx.fbcdn.net/v/t1.0-0/s130x130/51599145_100284421111185_4730565391716188160_n.jpg?_nc_cat=105&_nc_ht=scontent.xx&oh=56aacac91a94c6c0f0f1ee3af3a39886&oe=5CE8387E
18,100284364444524,https://scontent.xx.fbcdn.net/v/t1.0-0/s130x130/51314147_100284367777857_6693414052133076992_n.jpg?_nc_cat=100&_nc_ht=scontent.xx&oh=4983ca229ae7e49c3f8dd5b08d81c793&oe=5CE1B6E1
19,100284114444549,https://scontent.xx.fbcdn.net/v/t1.0-0/q83/s130x130/51437962_100284117777882_5731233389466353664_n.jpg?_nc_cat=108&_nc_ht=scontent.xx&oh=2601cf49f2fa2b3f2d74a3c39ed4b919&oe=5CE14C99
20,100284121111215,https://scontent.xx.fbcdn.net/v/t1.0-0/s130x130/51589955_100284124444548_5286852845839056896_n.jpg?_nc_cat=109&_nc_ht=scontent.xx&oh=ece53a3c32b23e03c42d401b20bd3ac0&oe=5CFD11A2
21,100284281111199,https://scontent.xx.fbcdn.net/v/t1.0-0/s130x130/51556228_100284287777865_3414854155460673536_n.jpg?_nc_cat=100&_nc_ht=scontent.xx&oh=30be55b03ab1672b2815293b29e6d3a4&oe=5CEF1E4F
22,100284294444531,https://scontent.xx.fbcdn.net/v/t1.0-0/s130x130/52130007_100284297777864_1241236602127122432_n.jpg?_nc_cat=100&_nc_ht=scontent.xx&oh=7d0288df172a500b2caaff10900e01f9&oe=5CF156FD
23,100284311111196,https://scontent.xx.fbcdn.net/v/t1.0-0/s130x130/51500029_100284314444529_895405758143791104_n.jpg?_nc_cat=104&_nc_ht=scontent.xx&oh=d491e470995d1ea8f70e611ae7cbe432&oe=5CF6A8F6
24,100284144444546,https://scontent.xx.fbcdn.net/v/t1.0-0/s130x130/51440705_100284147777879_456319088126328832_n.jpg?_nc_cat=111&_nc_ht=scontent.xx&oh=d8168e1c717751fa726dc40dcfceb232&oe=5CE30629
